{
  "ejex": "Estados",
  "ejey": "Índice de Rezago Social",
  "valores": [
    {
      "label": "Año 2000",
      "Aguascalientes": -1.135999,
      "Baja California": -1.028277,
      "Baja California Sur": -0.7107521,
      "Campeche": 0.5345663,
      "Coahuila": -1.266207,
      "Colima": -0.7081631,
      "Chiapas": 2.26737,
      "Chihuahua": -0.7388701,
      "Distrito Federal": -1.509716,
      "Durango": -0.1429958,
      "Guanajuato": 0.2133349,
      "Guerrero": 2.117126,
      "Hidalgo": 0.8640431,
      "Jalisco": -0.7058299,
      "México": -0.5434588,
      "Michoacán": 0.6108041,
      "Morelos": -0.2062002,
      "Nayarit": -0.1835182,
      "Nuevo León": -1.541669,
      "Oaxaca": 2.160897,
      "Puebla": 0.9600728,
      "Querétaro": -0.0029218,
      "Quintana Roo": -0.3646522,
      "San Luis Potosí": 0.630159,
      "Sinaloa": -0.2431745,
      "Sonora": -0.8080306,
      "Tabasco": 0.3370818,
      "Tamaulipas": -0.6029251,
      "Tlaxcala": 0.0191598,
      "Veracruz": 1.1911,
      "Yucatán": 0.2381478,
      "Zacatecas": 0.2994982
    },
    {
      "label": "Año 2005",
      "Aguascalientes": -1.144505,
      "Baja California": -0.6636371,
      "Baja California Sur": -0.4819943,
      "Campeche": 0.3249348,
      "Coahuila": -1.250579,
      "Colima": -0.7569511,
      "Chiapas": 2.548142,
      "Chihuahua": -0.6064494,
      "Distrito Federal": -1.396498,
      "Durango": -0.2412079,
      "Guanajuato": 0.1622082,
      "Guerrero": 2.436138,
      "Hidalgo": 0.5928121,
      "Jalisco": -0.5984144,
      "México": -0.3629572,
      "Michoacán": 0.6675908,
      "Morelos": -0.1754854,
      "Nayarit": -0.4158117,
      "Nuevo León": -1.438426,
      "Oaxaca": 2.203928,
      "Puebla": 0.9749269,
      "Querétaro": -0.0442939,
      "Quintana Roo": 0.150361,
      "San Luis Potosí": 0.3087044,
      "Sinaloa": -0.4535882,
      "Sonora": -0.8566825,
      "Tabasco": -0.0320747,
      "Tamaulipas": -0.6958079,
      "Tlaxcala": 0.0452299,
      "Veracruz": 0.9503908,
      "Yucatán": 0.3439496,
      "Zacatecas": -0.0939522
    },
    {
      "label": "Año 2010",
      "Aguascalientes": -1.106007,
      "Baja California": -0.8551109,
      "Baja California Sur": -0.4737957,
      "Campeche": 0.2162093,
      "Coahuila": -1.160584,
      "Colima": -0.8031844,
      "Chiapas": 2.27118,
      "Chihuahua": -0.4991516,
      "Distrito Federal": -1.283248,
      "Durango": -0.0083111,
      "Guanajuato": -0.0026379,
      "Guerrero": 2.515737,
      "Hidalgo": 0.6076962,
      "Jalisco": -0.6573023,
      "México": -0.3651292,
      "Michoacán": 0.7547382,
      "Morelos": -0.1336363,
      "Nayarit": -0.2467324,
      "Nuevo León": -1.36996,
      "Oaxaca": 2.417787,
      "Puebla": 1.067469,
      "Querétaro": -0.2473075,
      "Quintana Roo": -0.3987675,
      "San Luis Potosí": 0.4852383,
      "Sinaloa": -0.4841604,
      "Sonora": -0.6904547,
      "Tabasco": -0.0735109,
      "Tamaulipas": -0.6521795,
      "Tlaxcala": -0.051343,
      "Veracruz": 1.13549,
      "Yucatán": 0.2193746,
      "Zacatecas": -0.1284057
    }
  ]
}